{"v":"5.5.8","fr":29.9700012207031,"ip":0,"op":145.000005905971,"w":1280,"h":720,"nm":"Tablet + Passport","ddd":0,"assets":[],"layers":[{"ddd":0,"ind":1,"ty":4,"nm":"Loading","sr":1,"ks":{"o":{"a":0,"k":100,"ix":11},"r":{"a":1,"k":[{"i":{"x":[0.667],"y":[0.993]},"o":{"x":[0.333],"y":[0]},"t":29,"s":[-90]},{"i":{"x":[0.667],"y":[0.242]},"o":{"x":[0.333],"y":[0.074]},"t":30,"s":[0]},{"i":{"x":[0.667],"y":[1]},"o":{"x":[0.333],"y":[0.91]},"t":50,"s":[180]},{"t":74.0000030140818,"s":[360]}],"ix":10},"p":{"a":0,"k":[560,344,0],"ix":2},"a":{"a":0,"k":[256,256,0],"ix":1},"s":{"a":0,"k":[44.392,44.392,100],"ix":6}},"ao":0,"shapes":[{"ty":"gr","it":[{"ind":0,"ty":"sh","ix":1,"ks":{"a":0,"k":{"i":[[0,-110.457],[110.457,0],[0,110.457],[-110.457,0]],"o":[[0,110.457],[-110.457,0],[0,-110.457],[110.457,0]],"v":[[200,0],[0,200],[-200,0],[0,-200]],"c":true},"ix":2},"nm":"Path 1","mn":"ADBE Vector Shape - Group","hd":false},{"ty":"st","c":{"a":1,"k":[{"i":{"x":[0.643],"y":[0.988]},"o":{"x":[0.167],"y":[0.316]},"t":29,"s":[0.172549024224,0.784313738346,0.792156875134,1]},{"i":{"x":[0.673],"y":[1]},"o":{"x":[0.189],"y":[0.977]},"t":30,"s":[0.815686285496,0.007843137719,0.105882354081,1]},{"t":74.0000030140818,"s":[1,1,1,1]}],"ix":3},"o":{"a":0,"k":100,"ix":4},"w":{"a":0,"k":48,"ix":5},"lc":2,"lj":1,"ml":10,"bm":0,"nm":"Stroke 1","mn":"ADBE Vector Graphic - Stroke","hd":false},{"ty":"tr","p":{"a":0,"k":[256,256],"ix":2},"a":{"a":0,"k":[0,0],"ix":1},"s":{"a":0,"k":[100,100],"ix":3},"r":{"a":0,"k":0,"ix":6},"o":{"a":0,"k":100,"ix":7},"sk":{"a":0,"k":0,"ix":4},"sa":{"a":0,"k":0,"ix":5},"nm":"Transform"}],"nm":"Group 1","np":2,"cix":2,"bm":0,"ix":1,"mn":"ADBE Vector Group","hd":false},{"ty":"tm","s":{"a":1,"k":[{"i":{"x":[0.667],"y":[1]},"o":{"x":[0.333],"y":[0]},"t":52,"s":[0]},{"t":74.0000030140818,"s":[100]}],"ix":1},"e":{"a":1,"k":[{"i":{"x":[0.667],"y":[0.501]},"o":{"x":[0.333],"y":[0]},"t":29,"s":[0]},{"i":{"x":[0.667],"y":[1]},"o":{"x":[0.333],"y":[0.477]},"t":52,"s":[50]},{"t":74.0000030140818,"s":[100]}],"ix":2},"o":{"a":0,"k":0,"ix":3},"m":1,"ix":2,"nm":"Trim Paths 1","mn":"ADBE Vector Filter - Trim","hd":false}],"ip":30.0000012219251,"op":78.0000031770051,"st":29.0000011811942,"bm":0},{"ddd":0,"ind":2,"ty":4,"nm":"First line Outlines","sr":1,"ks":{"o":{"a":0,"k":100,"ix":11},"r":{"a":0,"k":0,"ix":10},"p":{"a":1,"k":[{"i":{"x":0.833,"y":0.833},"o":{"x":0.167,"y":0.167},"t":-44,"s":[364,278.5,0],"to":[8.848,0,0],"ti":[-21.383,0,0]},{"i":{"x":0.833,"y":0.833},"o":{"x":0.167,"y":0.167},"t":-35,"s":[72.602,278.5,0],"to":[43.864,0,0],"ti":[-12.997,0,0]},{"i":{"x":0.833,"y":0.833},"o":{"x":0.167,"y":0.167},"t":-14,"s":[526,278.5,0],"to":[19.333,0,0],"ti":[7.667,0,0]},{"t":81.0000032991976,"s":[480,278.5,0]}],"ix":2},"a":{"a":0,"k":[0,8.5,0],"ix":1},"s":{"a":1,"k":[{"i":{"x":[0.833,0.833,0.833],"y":[0.833,0.833,0.833]},"o":{"x":[0.167,0.167,0.167],"y":[0.167,0.167,0.167]},"t":81,"s":[0,100,100]},{"t":89.0000036250443,"s":[100,100,100]}],"ix":6}},"ao":0,"shapes":[{"ty":"gr","it":[{"ind":0,"ty":"sh","ix":1,"ks":{"a":0,"k":{"i":[[2.072,0],[0,0],[0,2.072],[0,0],[-2.072,0],[0,0],[0,-2.072],[0,0]],"o":[[0,0],[-2.072,0],[0,0],[0,-2.072],[0,0],[2.072,0],[0,0],[0,2.072]],"v":[[37.392,7.856],[-37.392,7.856],[-41.16,4.089],[-41.16,-4.088],[-37.392,-7.856],[37.392,-7.856],[41.16,-4.088],[41.16,4.089]],"c":true},"ix":2},"nm":"Path 1","mn":"ADBE Vector Shape - Group","hd":false},{"ty":"fl","c":{"a":0,"k":[0.902000038297,0.902000038297,0.902000038297,1],"ix":4},"o":{"a":0,"k":100,"ix":5},"r":1,"bm":0,"nm":"Fill 1","mn":"ADBE Vector Graphic - Fill","hd":false},{"ty":"tr","p":{"a":0,"k":[41.878,8.613],"ix":2},"a":{"a":0,"k":[0,0],"ix":1},"s":{"a":0,"k":[100,100],"ix":3},"r":{"a":0,"k":0,"ix":6},"o":{"a":0,"k":100,"ix":7},"sk":{"a":0,"k":0,"ix":4},"sa":{"a":0,"k":0,"ix":5},"nm":"Transform"}],"nm":"Group 1","np":2,"cix":2,"bm":0,"ix":1,"mn":"ADBE Vector Group","hd":false}],"ip":78.0000031770051,"op":145.000005905971,"st":-44.0000017921567,"bm":0},{"ddd":0,"ind":3,"ty":4,"nm":"Second line Outlines","sr":1,"ks":{"o":{"a":0,"k":100,"ix":11},"r":{"a":0,"k":0,"ix":10},"p":{"a":1,"k":[{"i":{"x":0.833,"y":0.833},"o":{"x":0.167,"y":0.167},"t":-31,"s":[393.5,316.5,0],"to":[27,0,0],"ti":[-14.417,0,0]},{"i":{"x":0.833,"y":0.833},"o":{"x":0.167,"y":0.167},"t":-1,"s":[555.5,316.5,0],"to":[14.417,0,0],"ti":[12.583,0,0]},{"t":81.0000032991976,"s":[480,316.5,0]}],"ix":2},"a":{"a":0,"k":[0,8.5,0],"ix":1},"s":{"a":1,"k":[{"i":{"x":[0.833,0.833,0.833],"y":[0.833,0.833,0.833]},"o":{"x":[0.167,0.167,0.167],"y":[0.167,0.167,0.167]},"t":89,"s":[0,100,100]},{"t":97.000003950891,"s":[100,100,100]}],"ix":6}},"ao":0,"shapes":[{"ty":"gr","it":[{"ind":0,"ty":"sh","ix":1,"ks":{"a":0,"k":{"i":[[2.072,0],[0,0],[0,2.073],[0,0],[-2.072,0],[0,0],[0,-2.072],[0,0]],"o":[[0,0],[-2.072,0],[0,0],[0,-2.072],[0,0],[2.072,0],[0,0],[0,2.073]],"v":[[66.778,7.856],[-66.777,7.856],[-70.545,4.089],[-70.545,-4.088],[-66.777,-7.856],[66.778,-7.856],[70.545,-4.088],[70.545,4.089]],"c":true},"ix":2},"nm":"Path 1","mn":"ADBE Vector Shape - Group","hd":false},{"ty":"fl","c":{"a":0,"k":[0.902000038297,0.902000038297,0.902000038297,1],"ix":4},"o":{"a":0,"k":100,"ix":5},"r":1,"bm":0,"nm":"Fill 1","mn":"ADBE Vector Graphic - Fill","hd":false},{"ty":"tr","p":{"a":0,"k":[71.263,8.827],"ix":2},"a":{"a":0,"k":[0,0],"ix":1},"s":{"a":0,"k":[100,100],"ix":3},"r":{"a":0,"k":0,"ix":6},"o":{"a":0,"k":100,"ix":7},"sk":{"a":0,"k":0,"ix":4},"sa":{"a":0,"k":0,"ix":5},"nm":"Transform"}],"nm":"Group 1","np":2,"cix":2,"bm":0,"ix":1,"mn":"ADBE Vector Group","hd":false}],"ip":89.0000036250443,"op":145.000005905971,"st":-31.0000012626559,"bm":0},{"ddd":0,"ind":4,"ty":4,"nm":"Third line Outlines","sr":1,"ks":{"o":{"a":0,"k":100,"ix":11},"r":{"a":0,"k":0,"ix":10},"p":{"a":1,"k":[{"i":{"x":0.833,"y":0.833},"o":{"x":0.167,"y":0.167},"t":-21,"s":[373,355,0],"to":[27,0,0],"ti":[-17.833,0,0]},{"i":{"x":0.833,"y":0.833},"o":{"x":0.167,"y":0.167},"t":9,"s":[535,355,0],"to":[17.833,0,0],"ti":[9.167,0,0]},{"t":80.0000032584668,"s":[480,355,0]}],"ix":2},"a":{"a":0,"k":[0,9,0],"ix":1},"s":{"a":1,"k":[{"i":{"x":[0.833,0.833,0.833],"y":[0.833,0.833,0.833]},"o":{"x":[0.167,0.167,0.167],"y":[0.167,0.167,0.167]},"t":97,"s":[0,100,100]},{"t":107.000004358199,"s":[100,100,100]}],"ix":6}},"ao":0,"shapes":[{"ty":"gr","it":[{"ind":0,"ty":"sh","ix":1,"ks":{"a":0,"k":{"i":[[2.072,0],[0,0],[0,2.073],[0,0],[-2.072,0],[0,0],[0,-2.072],[0,0]],"o":[[0,0],[-2.072,0],[0,0],[0,-2.072],[0,0],[2.072,0],[0,0],[0,2.073]],"v":[[46.301,7.856],[-46.3,7.856],[-50.068,4.088],[-50.068,-4.089],[-46.3,-7.856],[46.301,-7.856],[50.068,-4.089],[50.068,4.088]],"c":true},"ix":2},"nm":"Path 1","mn":"ADBE Vector Shape - Group","hd":false},{"ty":"fl","c":{"a":0,"k":[0.902000038297,0.902000038297,0.902000038297,1],"ix":4},"o":{"a":0,"k":100,"ix":5},"r":1,"bm":0,"nm":"Fill 1","mn":"ADBE Vector Graphic - Fill","hd":false},{"ty":"tr","p":{"a":0,"k":[50.786,9.042],"ix":2},"a":{"a":0,"k":[0,0],"ix":1},"s":{"a":0,"k":[100,100],"ix":3},"r":{"a":0,"k":0,"ix":6},"o":{"a":0,"k":100,"ix":7},"sk":{"a":0,"k":0,"ix":4},"sa":{"a":0,"k":0,"ix":5},"nm":"Transform"}],"nm":"Group 1","np":2,"cix":2,"bm":0,"ix":1,"mn":"ADBE Vector Group","hd":false}],"ip":97.000003950891,"op":145.000005905971,"st":-21.0000008553475,"bm":0},{"ddd":0,"ind":5,"ty":4,"nm":"Fourth Line Outlines","sr":1,"ks":{"o":{"a":0,"k":100,"ix":11},"r":{"a":0,"k":0,"ix":10},"p":{"a":1,"k":[{"i":{"x":0.833,"y":0.833},"o":{"x":0.167,"y":0.167},"t":-10,"s":[404,393.5,0],"to":[27,0,0],"ti":[-12.667,0,0]},{"i":{"x":0.833,"y":0.833},"o":{"x":0.167,"y":0.167},"t":20,"s":[566,393.5,0],"to":[12.667,0,0],"ti":[14.333,0,0]},{"t":79.000003217736,"s":[480,393.5,0]}],"ix":2},"a":{"a":0,"k":[0,8.5,0],"ix":1},"s":{"a":1,"k":[{"i":{"x":[0.833,0.833,0.833],"y":[0.833,0.833,0.833]},"o":{"x":[0.167,0.167,0.167],"y":[0.167,0.167,0.167]},"t":107,"s":[0,100,100]},{"t":118.000004806239,"s":[100,100,100]}],"ix":6}},"ao":0,"shapes":[{"ty":"gr","it":[{"ind":0,"ty":"sh","ix":1,"ks":{"a":0,"k":{"i":[[2.072,0],[0,0],[0,2.073],[0,0],[-2.073,0],[0,0],[0,-2.073],[0,0]],"o":[[0,0],[-2.073,0],[0,0],[0,-2.073],[0,0],[2.072,0],[0,0],[0,2.073]],"v":[[77.345,7.856],[-77.345,7.856],[-81.113,4.088],[-81.113,-4.088],[-77.345,-7.856],[77.345,-7.856],[81.113,-4.088],[81.113,4.088]],"c":true},"ix":2},"nm":"Path 1","mn":"ADBE Vector Shape - Group","hd":false},{"ty":"fl","c":{"a":0,"k":[0.902000038297,0.902000038297,0.902000038297,1],"ix":4},"o":{"a":0,"k":100,"ix":5},"r":1,"bm":0,"nm":"Fill 1","mn":"ADBE Vector Graphic - Fill","hd":false},{"ty":"tr","p":{"a":0,"k":[81.831,8.255],"ix":2},"a":{"a":0,"k":[0,0],"ix":1},"s":{"a":0,"k":[100,100],"ix":3},"r":{"a":0,"k":0,"ix":6},"o":{"a":0,"k":100,"ix":7},"sk":{"a":0,"k":0,"ix":4},"sa":{"a":0,"k":0,"ix":5},"nm":"Transform"}],"nm":"Group 1","np":2,"cix":2,"bm":0,"ix":1,"mn":"ADBE Vector Group","hd":false}],"ip":107.000004358199,"op":145.000005905971,"st":-10.0000004073083,"bm":0},{"ddd":0,"ind":6,"ty":4,"nm":"Fith line Outlines","sr":1,"ks":{"o":{"a":0,"k":100,"ix":11},"r":{"a":0,"k":0,"ix":10},"p":{"a":1,"k":[{"i":{"x":0.833,"y":0.833},"o":{"x":0.167,"y":0.167},"t":-1,"s":[404,431.5,0],"to":[27,0,0],"ti":[-12.667,0,0]},{"i":{"x":0.833,"y":0.833},"o":{"x":0.167,"y":0.167},"t":29,"s":[566,431.5,0],"to":[12.667,0,0],"ti":[14.333,0,0]},{"t":80.0000032584668,"s":[480,431.5,0]}],"ix":2},"a":{"a":0,"k":[0,8.5,0],"ix":1},"s":{"a":1,"k":[{"i":{"x":[0.833,0.833,0.833],"y":[0.833,0.833,0.833]},"o":{"x":[0.167,0.167,0.167],"y":[0.167,0.167,0.167]},"t":118,"s":[0,100,100]},{"t":131.000005335739,"s":[100,100,100]}],"ix":6}},"ao":0,"shapes":[{"ty":"gr","it":[{"ind":0,"ty":"sh","ix":1,"ks":{"a":0,"k":{"i":[[2.072,0],[0,0],[0,2.073],[0,0],[-2.073,0],[0,0],[0,-2.073],[0,0]],"o":[[0,0],[-2.073,0],[0,0],[0,-2.073],[0,0],[2.072,0],[0,0],[0,2.073]],"v":[[77.345,7.856],[-77.345,7.856],[-81.113,4.088],[-81.113,-4.088],[-77.345,-7.856],[77.345,-7.856],[81.113,-4.088],[81.113,4.088]],"c":true},"ix":2},"nm":"Path 1","mn":"ADBE Vector Shape - Group","hd":false},{"ty":"fl","c":{"a":0,"k":[0.902000038297,0.902000038297,0.902000038297,1],"ix":4},"o":{"a":0,"k":100,"ix":5},"r":1,"bm":0,"nm":"Fill 1","mn":"ADBE Vector Graphic - Fill","hd":false},{"ty":"tr","p":{"a":0,"k":[81.831,8.469],"ix":2},"a":{"a":0,"k":[0,0],"ix":1},"s":{"a":0,"k":[100,100],"ix":3},"r":{"a":0,"k":0,"ix":6},"o":{"a":0,"k":100,"ix":7},"sk":{"a":0,"k":0,"ix":4},"sa":{"a":0,"k":0,"ix":5},"nm":"Transform"}],"nm":"Group 1","np":2,"cix":2,"bm":0,"ix":1,"mn":"ADBE Vector Group","hd":false}],"ip":118.000004806239,"op":145.000005905971,"st":-1.00000004073083,"bm":0},{"ddd":0,"ind":7,"ty":4,"nm":"Tablet Outlines","sr":1,"ks":{"o":{"a":0,"k":100,"ix":11},"r":{"a":0,"k":0,"ix":10},"p":{"a":1,"k":[{"i":{"x":0.833,"y":0.833},"o":{"x":0.167,"y":0.167},"t":0,"s":[397,355,0],"to":[27,0,0],"ti":[-27,0,0]},{"t":30.0000012219251,"s":[559,355,0]}],"ix":2},"a":{"a":0,"k":[181,218,0],"ix":1},"s":{"a":0,"k":[100,100,100],"ix":6}},"ao":0,"shapes":[{"ty":"gr","it":[{"ind":0,"ty":"sh","ix":1,"ks":{"a":0,"k":{"i":[[5.78,-0.013],[0,0],[0.013,6.062],[0,0],[-5.787,0.012],[0,0],[-0.012,-6.062],[0,0]],"o":[[0,0],[-5.786,0.013],[0,0],[-0.012,-6.061],[0,0],[5.78,-0.012],[0,0],[0.013,6.062]],"v":[[135.595,176.38],[-134.852,176.948],[-145.388,165.948],[-146.084,-165.336],[-135.595,-176.38],[134.852,-176.949],[145.387,-165.949],[146.083,165.335]],"c":true},"ix":2},"nm":"Path 1","mn":"ADBE Vector Shape - Group","hd":false},{"ty":"fl","c":{"a":0,"k":[1,1,1,1],"ix":4},"o":{"a":0,"k":100,"ix":5},"r":1,"bm":0,"nm":"Fill 1","mn":"ADBE Vector Graphic - Fill","hd":false},{"ty":"tr","p":{"a":0,"k":[180.681,218.044],"ix":2},"a":{"a":0,"k":[0,0],"ix":1},"s":{"a":0,"k":[100,100],"ix":3},"r":{"a":0,"k":0,"ix":6},"o":{"a":0,"k":100,"ix":7},"sk":{"a":0,"k":0,"ix":4},"sa":{"a":0,"k":0,"ix":5},"nm":"Transform"}],"nm":"Group 1","np":2,"cix":2,"bm":0,"ix":1,"mn":"ADBE Vector Group","hd":false},{"ty":"gr","it":[{"ind":0,"ty":"sh","ix":1,"ks":{"a":0,"k":{"i":[[1.008,-5.786],[-5.786,-1.008],[-1.007,5.786],[5.785,1.007]],"o":[[-1.008,5.786],[5.786,1.008],[1.008,-5.786],[-5.786,-1.008]],"v":[[-10.476,-1.825],[-1.824,10.476],[10.476,1.824],[1.825,-10.476]],"c":true},"ix":2},"nm":"Path 1","mn":"ADBE Vector Shape - Group","hd":false},{"ty":"fl","c":{"a":0,"k":[1,1,1,1],"ix":4},"o":{"a":0,"k":100,"ix":5},"r":1,"bm":0,"nm":"Fill 1","mn":"ADBE Vector Graphic - Fill","hd":false},{"ty":"tr","p":{"a":0,"k":[181.096,415.948],"ix":2},"a":{"a":0,"k":[0,0],"ix":1},"s":{"a":0,"k":[100,100],"ix":3},"r":{"a":0,"k":0,"ix":6},"o":{"a":0,"k":100,"ix":7},"sk":{"a":0,"k":0,"ix":4},"sa":{"a":0,"k":0,"ix":5},"nm":"Transform"}],"nm":"Group 2","np":2,"cix":2,"bm":0,"ix":2,"mn":"ADBE Vector Group","hd":false},{"ty":"gr","it":[{"ind":0,"ty":"sh","ix":1,"ks":{"a":0,"k":{"i":[[0.032,15.12],[0,0],[14.657,-0.031],[0,0],[-0.032,-15.121],[0,0],[-14.662,0.031],[0,0]],"o":[[0,0],[-0.032,-15.12],[0,0],[-14.663,0.031],[0,0],[0.032,15.121],[0,0],[14.658,-0.032]],"v":[[180.064,189.282],[179.265,-190.038],[152.661,-217.357],[-153.573,-216.713],[-180.064,-189.282],[-179.265,190.038],[-152.661,217.357],[153.573,216.714]],"c":true},"ix":2},"nm":"Path 1","mn":"ADBE Vector Shape - Group","hd":false},{"ty":"fl","c":{"a":0,"k":[0.15000000596,0.15000000596,0.15000000596,1],"ix":4},"o":{"a":0,"k":100,"ix":5},"r":1,"bm":0,"nm":"Fill 1","mn":"ADBE Vector Graphic - Fill","hd":false},{"ty":"tr","p":{"a":0,"k":[180.68,218.044],"ix":2},"a":{"a":0,"k":[0,0],"ix":1},"s":{"a":0,"k":[100,100],"ix":3},"r":{"a":0,"k":0,"ix":6},"o":{"a":0,"k":100,"ix":7},"sk":{"a":0,"k":0,"ix":4},"sa":{"a":0,"k":0,"ix":5},"nm":"Transform"}],"nm":"Group 3","np":2,"cix":2,"bm":0,"ix":3,"mn":"ADBE Vector Group","hd":false}],"ip":0,"op":145.000005905971,"st":0,"bm":0},{"ddd":0,"ind":8,"ty":4,"nm":"Passport Outlines","sr":1,"ks":{"o":{"a":0,"k":100,"ix":11},"r":{"a":0,"k":0,"ix":10},"p":{"a":1,"k":[{"i":{"x":0.833,"y":0.833},"o":{"x":0.167,"y":0.167},"t":0,"s":[964,360,0],"to":[-32.333,0,0],"ti":[32.333,0,0]},{"t":30.0000012219251,"s":[770,360,0]}],"ix":2},"a":{"a":0,"k":[105,143,0],"ix":1},"s":{"a":0,"k":[100,100,100],"ix":6}},"ao":0,"shapes":[{"ty":"gr","it":[{"ind":0,"ty":"sh","ix":1,"ks":{"a":0,"k":{"i":[[-0.627,-4.965],[-2.145,0.272],[0.268,2.133],[3.607,6.522],[0.655,1.032],[18.151,2.19],[5.593,-0.879],[8.985,-17.61],[0.048,-0.127],[-0.002,-9.727],[-4.105,-8.155],[-0.063,-0.123],[-19.141,-2.965],[-5.081,0.485],[-9.561,18.738],[-0.029,0.065],[-0.968,6.314],[2.134,0.325],[0.325,-2.126],[1.738,-4.047],[7.04,1.281],[0.002,5.323],[0.634,5.016],[-6.053,2.183]],"o":[[0.27,2.133],[2.142,-0.269],[-0.981,-7.764],[-0.589,-1.07],[-9.786,-15.491],[-5.62,-0.685],[-19.14,2.975],[-0.064,0.123],[-4.102,8.157],[0.003,9.727],[0.049,0.128],[8.994,17.605],[5.042,0.789],[20.681,-1.939],[0.033,-0.063],[2.852,-5.639],[0.325,-2.126],[-2.134,-0.323],[-0.674,4.399],[-6.05,-2.177],[0.632,-5.015],[-0.001,-5.324],[7.046,-1.285],[1.897,4.414]],"v":[[52.728,-6.658],[57.093,-3.28],[60.483,-7.629],[53.449,-29.186],[51.581,-32.337],[7.534,-60.167],[-9.395,-59.881],[-54.169,-27.432],[-54.337,-27.055],[-60.749,0.027],[-54.324,27.106],[-54.156,27.483],[-9.365,59.911],[5.904,60.368],[54.383,27.456],[54.471,27.261],[60.264,9.227],[56.99,4.79],[52.538,8.053],[48.885,20.765],[29.142,15.561],[30.104,0.005],[29.134,-15.55],[48.89,-20.77]],"c":true},"ix":2},"nm":"Path 1","mn":"ADBE Vector Shape - Group","hd":false},{"ind":1,"ty":"sh","ix":2,"ks":{"a":0,"k":{"i":[[5.273,-0.001],[4.195,9.116],[1.229,6.073],[-6.845,0.001],[-6.479,-0.824],[2.21,-4.808]],"o":[[-5.275,0.002],[-2.211,-4.807],[6.479,-0.827],[6.845,-0.002],[-1.224,6.073],[-4.189,9.119]],"v":[[0.121,52.858],[-14.779,38.516],[-19.956,22.059],[0.112,20.794],[20.18,22.048],[15.011,38.507]],"c":true},"ix":2},"nm":"Path 2","mn":"ADBE Vector Shape - Group","hd":false},{"ind":2,"ty":"sh","ix":3,"ks":{"a":0,"k":{"i":[[-2.496,-5.424],[-1.686,-2.368],[6.379,10.265],[-6.164,1.132]],"o":[[1.424,3.097],[-11.629,-4.012],[5.336,-1.858],[1.353,6.805]],"v":[[-21.883,41.76],[-17.205,49.964],[-45.018,27.752],[-27.68,23.257]],"c":true},"ix":2},"nm":"Path 3","mn":"ADBE Vector Shape - Group","hd":false},{"ind":3,"ty":"sh","ix":4,"ks":{"a":0,"k":{"i":[[6.048,-2.179],[0.002,7.367],[-2.745,6.378],[-7.04,-1.28],[-0.001,-5.323],[-0.633,-5.014]],"o":[[-2.747,-6.377],[-0.002,-7.368],[6.048,2.177],[-0.631,5.015],[0.001,5.323],[-7.04,1.286]],"v":[[-48.659,20.788],[-52.933,0.025],[-48.669,-20.739],[-28.928,-15.537],[-29.89,0.02],[-28.92,15.574]],"c":true},"ix":2},"nm":"Path 4","mn":"ADBE Vector Shape - Group","hd":false},{"ind":4,"ty":"sh","ix":5,"ks":{"a":0,"k":{"i":[[5.337,1.855],[-11.627,4.018],[1.423,-3.097],[1.349,-6.806]],"o":[[6.375,-10.267],[-1.685,2.369],[-2.493,5.425],[-6.165,-1.129]],"v":[[-45.033,-27.707],[-17.23,-49.934],[-21.905,-41.727],[-27.691,-23.221]],"c":true},"ix":2},"nm":"Path 5","mn":"ADBE Vector Shape - Group","hd":false},{"ind":5,"ty":"sh","ix":6,"ks":{"a":0,"k":{"i":[[-2.209,4.807],[-5.273,0.002],[-4.196,-9.118],[-1.228,-6.073],[6.845,-0.002],[6.479,0.825]],"o":[[4.19,-9.118],[5.275,-0.001],[2.211,4.806],[-6.478,0.828],[-6.846,0.002],[1.224,-6.074]],"v":[[-14.798,-38.484],[0.093,-52.835],[14.993,-38.492],[20.169,-22.036],[0.102,-20.771],[-19.966,-22.025]],"c":true},"ix":2},"nm":"Path 6","mn":"ADBE Vector Shape - Group","hd":false},{"ind":6,"ty":"sh","ix":7,"ks":{"a":0,"k":{"i":[[-5.342,-1.859],[4.115,-3.553],[6.327,-2.182],[-1.419,3.089],[-1.349,6.805]],"o":[[-2.814,4.542],[-5.135,4.436],[1.68,-2.366],[2.493,-5.426],[6.17,1.129]],"v":[[45.261,27.735],[34.826,39.963],[17.456,49.94],[22.118,41.75],[27.905,23.245]],"c":true},"ix":2},"nm":"Path 7","mn":"ADBE Vector Shape - Group","hd":false},{"ind":7,"ty":"sh","ix":8,"ks":{"a":0,"k":{"i":[[-0.001,-4.923],[0.569,-4.616],[7.256,-0.002],[6.891,-0.892],[0.001,4.924],[-0.568,4.614],[-7.256,0.002],[-6.891,0.893]],"o":[[0.001,4.923],[-6.891,-0.889],[-7.256,0.002],[-0.57,-4.614],[-0.002,-4.924],[6.891,0.889],[7.256,-0.002],[0.571,4.614]],"v":[[22.288,0.006],[21.421,14.356],[0.11,13.007],[-21.202,14.367],[-22.075,0.018],[-21.209,-14.333],[0.103,-12.984],[21.414,-14.343]],"c":true},"ix":2},"nm":"Path 8","mn":"ADBE Vector Shape - Group","hd":false},{"ind":8,"ty":"sh","ix":9,"ks":{"a":0,"k":{"i":[[6.169,-1.133],[2.495,5.424],[1.682,2.365],[-6.402,-10.301]],"o":[[-1.352,-6.805],[-1.422,-3.088],[11.578,3.998],[-5.339,1.86]],"v":[[27.893,-23.234],[22.097,-41.737],[17.43,-49.925],[45.244,-27.733]],"c":true},"ix":2},"nm":"Path 9","mn":"ADBE Vector Shape - Group","hd":false},{"ty":"mm","mm":1,"nm":"Merge Paths 1","mn":"ADBE Vector Filter - Merge","hd":false},{"ty":"fl","c":{"a":0,"k":[1,1,1,1],"ix":4},"o":{"a":0,"k":100,"ix":5},"r":1,"bm":0,"nm":"Fill 1","mn":"ADBE Vector Graphic - Fill","hd":false},{"ty":"tr","p":{"a":0,"k":[105.019,142.988],"ix":2},"a":{"a":0,"k":[0,0],"ix":1},"s":{"a":0,"k":[100,100],"ix":3},"r":{"a":0,"k":0,"ix":6},"o":{"a":0,"k":100,"ix":7},"sk":{"a":0,"k":0,"ix":4},"sa":{"a":0,"k":0,"ix":5},"nm":"Transform"}],"nm":"Group 1","np":11,"cix":2,"bm":0,"ix":1,"mn":"ADBE Vector Group","hd":false},{"ty":"gr","it":[{"ind":0,"ty":"sh","ix":1,"ks":{"a":0,"k":{"i":[[0,0],[0,0],[0,0],[0,0],[0,0],[0,0],[0,0],[0,0]],"o":[[0,0],[0,0],[0,0],[0,0],[0,0],[0,0],[0,0],[0,0]],"v":[[1.18,10.938],[-1.165,10.938],[-1.172,-8.967],[-7.454,-8.965],[-7.454,-10.935],[7.453,-10.938],[7.454,-8.968],[1.172,-8.967]],"c":true},"ix":2},"nm":"Path 1","mn":"ADBE Vector Shape - Group","hd":false},{"ty":"fl","c":{"a":0,"k":[1,1,1,1],"ix":4},"o":{"a":0,"k":100,"ix":5},"r":1,"bm":0,"nm":"Fill 1","mn":"ADBE Vector Graphic - Fill","hd":false},{"ty":"tr","p":{"a":0,"k":[167.161,43.318],"ix":2},"a":{"a":0,"k":[0,0],"ix":1},"s":{"a":0,"k":[100,100],"ix":3},"r":{"a":0,"k":0,"ix":6},"o":{"a":0,"k":100,"ix":7},"sk":{"a":0,"k":0,"ix":4},"sa":{"a":0,"k":0,"ix":5},"nm":"Transform"}],"nm":"Group 2","np":2,"cix":2,"bm":0,"ix":2,"mn":"ADBE Vector Group","hd":false},{"ty":"gr","it":[{"ind":0,"ty":"sh","ix":1,"ks":{"a":0,"k":{"i":[[2.376,0],[0,0],[0,0],[0,0],[0.002,2.436]],"o":[[0,0],[0,0],[0,0],[2.376,0.001],[0,-2.438]],"v":[[-0.563,-8.878],[-4.252,-8.878],[-4.251,-0.751],[-0.562,-0.752],[3.375,-4.814]],"c":true},"ix":2},"nm":"Path 1","mn":"ADBE Vector Shape - Group","hd":false},{"ind":1,"ty":"sh","ix":2,"ks":{"a":0,"k":{"i":[[0,0],[0,0],[0,0],[0,0],[0,0],[0,0],[0,-3.721],[2.845,-0.622],[0,0],[0,0]],"o":[[0,0],[0,0],[0,0],[0,0],[0,0],[3.816,0],[0.001,3.157],[0,0],[0,0],[0,0]],"v":[[-1.25,1.282],[-4.25,1.282],[-4.249,10.938],[-6.683,10.939],[-6.691,-10.938],[-0.566,-10.939],[5.811,-4.815],[1.126,1.121],[6.691,10.936],[4.003,10.936]],"c":true},"ix":2},"nm":"Path 2","mn":"ADBE Vector Shape - Group","hd":false},{"ty":"mm","mm":1,"nm":"Merge Paths 1","mn":"ADBE Vector Filter - Merge","hd":false},{"ty":"fl","c":{"a":0,"k":[1,1,1,1],"ix":4},"o":{"a":0,"k":100,"ix":5},"r":1,"bm":0,"nm":"Fill 1","mn":"ADBE Vector Graphic - Fill","hd":false},{"ty":"tr","p":{"a":0,"k":[151.449,43.324],"ix":2},"a":{"a":0,"k":[0,0],"ix":1},"s":{"a":0,"k":[100,100],"ix":3},"r":{"a":0,"k":0,"ix":6},"o":{"a":0,"k":100,"ix":7},"sk":{"a":0,"k":0,"ix":4},"sa":{"a":0,"k":0,"ix":5},"nm":"Transform"}],"nm":"Group 3","np":4,"cix":2,"bm":0,"ix":3,"mn":"ADBE Vector Group","hd":false},{"ty":"gr","it":[{"ind":0,"ty":"sh","ix":1,"ks":{"a":0,"k":{"i":[[-5.096,0.001],[0.001,5.376],[5.092,-0.001],[-0.002,-5.373]],"o":[[5.092,-0.001],[-0.002,-5.373],[-5.095,0.002],[0.001,5.376]],"v":[[0.02,9.033],[8.581,-0.003],[0.014,-9.034],[-8.578,0.001]],"c":true},"ix":2},"nm":"Path 1","mn":"ADBE Vector Shape - Group","hd":false},{"ind":1,"ty":"sh","ix":2,"ks":{"a":0,"k":{"i":[[-6.565,0.001],[-0.005,-6.626],[6.534,0],[0.001,6.628]],"o":[[6.531,-0.002],[0.001,6.628],[-6.562,0.003],[-0.005,-6.626]],"v":[[0.013,-11.16],[11.02,-0.004],[0.017,11.158],[-11.016,0.002]],"c":true},"ix":2},"nm":"Path 2","mn":"ADBE Vector Shape - Group","hd":false},{"ty":"mm","mm":1,"nm":"Merge Paths 1","mn":"ADBE Vector Filter - Merge","hd":false},{"ty":"fl","c":{"a":0,"k":[1,1,1,1],"ix":4},"o":{"a":0,"k":100,"ix":5},"r":1,"bm":0,"nm":"Fill 1","mn":"ADBE Vector Graphic - Fill","hd":false},{"ty":"tr","p":{"a":0,"k":[129.794,43.329],"ix":2},"a":{"a":0,"k":[0,0],"ix":1},"s":{"a":0,"k":[100,100],"ix":3},"r":{"a":0,"k":0,"ix":6},"o":{"a":0,"k":100,"ix":7},"sk":{"a":0,"k":0,"ix":4},"sa":{"a":0,"k":0,"ix":5},"nm":"Transform"}],"nm":"Group 4","np":4,"cix":2,"bm":0,"ix":4,"mn":"ADBE Vector Group","hd":false},{"ty":"gr","it":[{"ind":0,"ty":"sh","ix":1,"ks":{"a":0,"k":{"i":[[2.342,-0.001],[0,0],[0,0],[0,0],[0.001,2.436]],"o":[[0,0],[0,0],[0,0],[2.342,-0.001],[-0.001,-2.438]],"v":[[-0.234,-8.877],[-3.704,-8.877],[-3.702,-0.751],[-0.233,-0.751],[3.705,-4.815]],"c":true},"ix":2},"nm":"Path 1","mn":"ADBE Vector Shape - Group","hd":false},{"ind":1,"ty":"sh","ix":2,"ks":{"a":0,"k":{"i":[[0,0],[0,0],[0.001,-3.721],[3.783,-0.001],[0,0],[0,0],[0,0]],"o":[[0,0],[3.784,-0.001],[0.001,3.718],[0,0],[0,0],[0,0],[0,0]],"v":[[-6.144,-10.937],[-0.238,-10.938],[6.143,-4.815],[-0.233,1.282],[-3.703,1.282],[-3.699,10.938],[-6.137,10.939]],"c":true},"ix":2},"nm":"Path 2","mn":"ADBE Vector Shape - Group","hd":false},{"ty":"mm","mm":1,"nm":"Merge Paths 1","mn":"ADBE Vector Filter - Merge","hd":false},{"ty":"fl","c":{"a":0,"k":[1,1,1,1],"ix":4},"o":{"a":0,"k":100,"ix":5},"r":1,"bm":0,"nm":"Fill 1","mn":"ADBE Vector Graphic - Fill","hd":false},{"ty":"tr","p":{"a":0,"k":[109.938,43.334],"ix":2},"a":{"a":0,"k":[0,0],"ix":1},"s":{"a":0,"k":[100,100],"ix":3},"r":{"a":0,"k":0,"ix":6},"o":{"a":0,"k":100,"ix":7},"sk":{"a":0,"k":0,"ix":4},"sa":{"a":0,"k":0,"ix":5},"nm":"Transform"}],"nm":"Group 5","np":4,"cix":2,"bm":0,"ix":5,"mn":"ADBE Vector Group","hd":false},{"ty":"gr","it":[{"ind":0,"ty":"sh","ix":1,"ks":{"a":0,"k":{"i":[[0,0],[1.689,-0.001],[-0.001,-1.627],[-0.004,-6.906],[4.562,-0.001],[1.722,1.845],[0,0],[-1.841,0.002],[0.001,1.689],[0.003,7.159],[-4.186,0.001],[-1.596,-1.657]],"o":[[-1.034,-1.126],[-2.813,0],[0.002,5.123],[0.001,3.157],[-2.656,0],[0,0],[1.281,1.434],[3.25,0],[0,-4.97],[-0.001,-2.997],[2.345,0],[0,0]],"v":[[4.654,-7.097],[0.027,-9.033],[-3.848,-5.342],[6.783,4.905],[0.063,11.16],[-6.784,8.283],[-5.314,6.815],[-0.157,9.033],[4.343,4.968],[-6.254,-5.283],[-0.194,-11.16],[6.124,-8.595]],"c":true},"ix":2},"nm":"Path 1","mn":"ADBE Vector Shape - Group","hd":false},{"ty":"fl","c":{"a":0,"k":[1,1,1,1],"ix":4},"o":{"a":0,"k":100,"ix":5},"r":1,"bm":0,"nm":"Fill 1","mn":"ADBE Vector Graphic - Fill","hd":false},{"ty":"tr","p":{"a":0,"k":[92.914,43.338],"ix":2},"a":{"a":0,"k":[0,0],"ix":1},"s":{"a":0,"k":[100,100],"ix":3},"r":{"a":0,"k":0,"ix":6},"o":{"a":0,"k":100,"ix":7},"sk":{"a":0,"k":0,"ix":4},"sa":{"a":0,"k":0,"ix":5},"nm":"Transform"}],"nm":"Group 6","np":2,"cix":2,"bm":0,"ix":6,"mn":"ADBE Vector Group","hd":false},{"ty":"gr","it":[{"ind":0,"ty":"sh","ix":1,"ks":{"a":0,"k":{"i":[[0,0],[1.689,0.001],[0.002,-1.626],[-0.004,-6.907],[4.562,-0.001],[1.719,1.845],[0,0],[-1.844,0],[0.001,1.688],[0.004,7.159],[-4.187,0.003],[-1.597,-1.656]],"o":[[-1.031,-1.127],[-2.813,0.002],[0.002,5.124],[0.001,3.156],[-2.656,0.001],[0,0],[1.281,1.436],[3.247,0],[0,-4.97],[0,-2.997],[2.344,0],[0,0]],"v":[[4.653,-7.095],[0.025,-9.034],[-3.85,-5.343],[6.781,4.905],[0.061,11.159],[-6.782,8.283],[-5.316,6.815],[-0.156,9.034],[4.342,4.968],[-6.257,-5.282],[-0.195,-11.16],[6.123,-8.595]],"c":true},"ix":2},"nm":"Path 1","mn":"ADBE Vector Shape - Group","hd":false},{"ty":"fl","c":{"a":0,"k":[1,1,1,1],"ix":4},"o":{"a":0,"k":100,"ix":5},"r":1,"bm":0,"nm":"Fill 1","mn":"ADBE Vector Graphic - Fill","hd":false},{"ty":"tr","p":{"a":0,"k":[76.969,43.342],"ix":2},"a":{"a":0,"k":[0,0],"ix":1},"s":{"a":0,"k":[100,100],"ix":3},"r":{"a":0,"k":0,"ix":6},"o":{"a":0,"k":100,"ix":7},"sk":{"a":0,"k":0,"ix":4},"sa":{"a":0,"k":0,"ix":5},"nm":"Transform"}],"nm":"Group 7","np":2,"cix":2,"bm":0,"ix":7,"mn":"ADBE Vector Group","hd":false},{"ty":"gr","it":[{"ind":0,"ty":"sh","ix":1,"ks":{"a":0,"k":{"i":[[0,0],[0,0],[0,0]],"o":[[0,0],[0,0],[0,0]],"v":[[-4.486,2.501],[4.483,2.498],[0.012,-7.942]],"c":true},"ix":2},"nm":"Path 1","mn":"ADBE Vector Shape - Group","hd":false},{"ind":1,"ty":"sh","ix":2,"ks":{"a":0,"k":{"i":[[0,0],[0,0],[0,0],[0,0],[0,0],[0,0],[0,0],[0,0]],"o":[[0,0],[0,0],[0,0],[0,0],[0,0],[0,0],[0,0],[0,0]],"v":[[5.358,4.624],[-5.363,4.625],[-8.11,10.939],[-10.831,10.939],[-1.116,-10.938],[1.135,-10.939],[10.831,10.935],[8.111,10.935]],"c":true},"ix":2},"nm":"Path 2","mn":"ADBE Vector Shape - Group","hd":false},{"ty":"mm","mm":1,"nm":"Merge Paths 1","mn":"ADBE Vector Filter - Merge","hd":false},{"ty":"fl","c":{"a":0,"k":[1,1,1,1],"ix":4},"o":{"a":0,"k":100,"ix":5},"r":1,"bm":0,"nm":"Fill 1","mn":"ADBE Vector Graphic - Fill","hd":false},{"ty":"tr","p":{"a":0,"k":[57.624,43.347],"ix":2},"a":{"a":0,"k":[0,0],"ix":1},"s":{"a":0,"k":[100,100],"ix":3},"r":{"a":0,"k":0,"ix":6},"o":{"a":0,"k":100,"ix":7},"sk":{"a":0,"k":0,"ix":4},"sa":{"a":0,"k":0,"ix":5},"nm":"Transform"}],"nm":"Group 8","np":4,"cix":2,"bm":0,"ix":8,"mn":"ADBE Vector Group","hd":false},{"ty":"gr","it":[{"ind":0,"ty":"sh","ix":1,"ks":{"a":0,"k":{"i":[[2.345,0],[0,0],[0,0],[0,0],[0.001,2.436]],"o":[[0,0],[0,0],[0,0],[2.345,0],[-0.001,-2.437]],"v":[[-0.237,-8.877],[-3.707,-8.877],[-3.705,-0.75],[-0.236,-0.751],[3.702,-4.815]],"c":true},"ix":2},"nm":"Path 1","mn":"ADBE Vector Shape - Group","hd":false},{"ind":1,"ty":"sh","ix":2,"ks":{"a":0,"k":{"i":[[0,0],[0,0],[0,-3.721],[3.78,-0.001],[0,0],[0,0],[0,0]],"o":[[0,0],[3.781,-0.002],[0.004,3.719],[0,0],[0,0],[0,0],[0,0]],"v":[[-6.144,-10.936],[-0.237,-10.937],[6.14,-4.815],[-0.233,1.282],[-3.706,1.282],[-3.702,10.939],[-6.14,10.939]],"c":true},"ix":2},"nm":"Path 2","mn":"ADBE Vector Shape - Group","hd":false},{"ty":"mm","mm":1,"nm":"Merge Paths 1","mn":"ADBE Vector Filter - Merge","hd":false},{"ty":"fl","c":{"a":0,"k":[1,1,1,1],"ix":4},"o":{"a":0,"k":100,"ix":5},"r":1,"bm":0,"nm":"Fill 1","mn":"ADBE Vector Graphic - Fill","hd":false},{"ty":"tr","p":{"a":0,"k":[41.332,43.351],"ix":2},"a":{"a":0,"k":[0,0],"ix":1},"s":{"a":0,"k":[100,100],"ix":3},"r":{"a":0,"k":0,"ix":6},"o":{"a":0,"k":100,"ix":7},"sk":{"a":0,"k":0,"ix":4},"sa":{"a":0,"k":0,"ix":5},"nm":"Transform"}],"nm":"Group 9","np":4,"cix":2,"bm":0,"ix":9,"mn":"ADBE Vector Group","hd":false},{"ty":"gr","it":[{"ind":0,"ty":"sh","ix":1,"ks":{"a":0,"k":{"i":[[0,0],[-0.001,-2.073],[-2.314,0.001],[0,0],[0,2.073],[2.313,-0.001]],"o":[[-2.313,0.001],[0,2.072],[0,0],[2.314,0],[-0.001,-2.073],[0,0]],"v":[[-44.594,-3.742],[-48.782,0.013],[-44.592,3.764],[44.594,3.741],[48.783,-0.013],[44.593,-3.764]],"c":true},"ix":2},"nm":"Path 1","mn":"ADBE Vector Shape - Group","hd":false},{"ty":"fl","c":{"a":0,"k":[1,1,1,1],"ix":4},"o":{"a":0,"k":100,"ix":5},"r":1,"bm":0,"nm":"Fill 1","mn":"ADBE Vector Graphic - Fill","hd":false},{"ty":"tr","p":{"a":0,"k":[104.901,252.744],"ix":2},"a":{"a":0,"k":[0,0],"ix":1},"s":{"a":0,"k":[100,100],"ix":3},"r":{"a":0,"k":0,"ix":6},"o":{"a":0,"k":100,"ix":7},"sk":{"a":0,"k":0,"ix":4},"sa":{"a":0,"k":0,"ix":5},"nm":"Transform"}],"nm":"Group 10","np":2,"cix":2,"bm":0,"ix":10,"mn":"ADBE Vector Group","hd":false},{"ty":"gr","it":[{"ind":0,"ty":"sh","ix":1,"ks":{"a":0,"k":{"i":[[-2.307,0.001],[0,0],[0,2.073],[2.307,0],[0,0],[-0.001,-2.072]],"o":[[0,0],[2.307,-0.001],[-0.001,-2.073],[0,0],[-2.307,0],[0,2.073]],"v":[[-60.865,3.767],[60.868,3.737],[65.044,-0.017],[60.866,-3.769],[-60.867,-3.738],[-65.043,0.015]],"c":true},"ix":2},"nm":"Path 1","mn":"ADBE Vector Shape - Group","hd":false},{"ty":"fl","c":{"a":0,"k":[1,1,1,1],"ix":4},"o":{"a":0,"k":100,"ix":5},"r":1,"bm":0,"nm":"Fill 1","mn":"ADBE Vector Graphic - Fill","hd":false},{"ty":"tr","p":{"a":0,"k":[104.901,227.727],"ix":2},"a":{"a":0,"k":[0,0],"ix":1},"s":{"a":0,"k":[100,100],"ix":3},"r":{"a":0,"k":0,"ix":6},"o":{"a":0,"k":100,"ix":7},"sk":{"a":0,"k":0,"ix":4},"sa":{"a":0,"k":0,"ix":5},"nm":"Transform"}],"nm":"Group 11","np":2,"cix":2,"bm":0,"ix":11,"mn":"ADBE Vector Group","hd":false},{"ty":"gr","it":[{"ind":0,"ty":"sh","ix":1,"ks":{"a":0,"k":{"i":[[-3.475,0],[0,0],[-0.002,-8.549],[0,0],[3.475,-0.001],[0,0],[0.001,3.419],[0,0]],"o":[[0,0],[8.688,-0.002],[0,0],[0.001,3.42],[0,0],[-3.475,0.001],[0,0],[-0.001,-3.42]],"v":[[-97.568,-142.387],[88.056,-142.433],[103.79,-126.958],[103.858,136.193],[97.567,142.386],[-97.495,142.434],[-103.789,136.245],[-103.858,-136.194]],"c":true},"ix":2},"nm":"Path 1","mn":"ADBE Vector Shape - Group","hd":false},{"ty":"fl","c":{"a":0,"k":[0.607999973671,0.152999997606,0.317999985639,1],"ix":4},"o":{"a":0,"k":100,"ix":5},"r":1,"bm":0,"nm":"Fill 1","mn":"ADBE Vector Graphic - Fill","hd":false},{"ty":"tr","p":{"a":0,"k":[104.902,143],"ix":2},"a":{"a":0,"k":[0,0],"ix":1},"s":{"a":0,"k":[100,100],"ix":3},"r":{"a":0,"k":0,"ix":6},"o":{"a":0,"k":100,"ix":7},"sk":{"a":0,"k":0,"ix":4},"sa":{"a":0,"k":0,"ix":5},"nm":"Transform"}],"nm":"Group 12","np":2,"cix":2,"bm":0,"ix":12,"mn":"ADBE Vector Group","hd":false}],"ip":0,"op":145.000005905971,"st":0,"bm":0}],"markers":[]}